"779.64968967198","168341","779.64968967198","168680"
"779.93018800658","169067","779.93018800658","169353"
"780.21067779448","169132","780.21067779448","169486"
"780.49115902905","169176","780.49115902905","169578"
"780.77163170366","169983","780.77163170366","169617"
"781.05209581169","169289","781.05209581169","169604"
"781.33255134651","169300","781.33255134651","169648"
"781.6129983015","169329","781.6129983015","169687"
"781.89343667002","169336","781.89343667002","169739"
"782.17386644546","169390","782.17386644546","169796"
"782.45428762119","169408","782.45428762119","169822"
"782.73470019058","169438","782.73470019058","169831"
"783.01510414701","169448","783.01510414701","169930"
"783.29549948385","169481","783.29549948385","169915"
"783.57588619449","169527","783.57588619449","169983"
"783.85626427229","169602","783.85626427229","170055"
"784.13663371063","169646","784.13663371063","170054"
"784.41699450289","169650","784.41699450289","170170"
"784.69734664244","169683","784.69734664244","170140"
"784.97769012266","169698","784.97769012266","170193"
"785.25802493693","169732","785.25802493693","170265"
"785.53835107862","169820","785.53835107862","170334"
"785.81866854111","169832","785.81866854111","170375"
"786.09897731778","169851","786.09897731778","170448"
"786.379277402","169938","786.379277402","170544"
"786.65956878715","169987","786.65956878715","170560"
"786.93985146662","170035","786.93985146662","170616"
"787.22012543377","170075","787.22012543377","170712"
"787.50039068198","170122","787.50039068198","170724"
"787.78064720464","170127","787.78064720464","170834"
"788.06089499512","170250","788.06089499512","170908"
"788.34113404679","170254","788.34113404679","170990"
"788.62136435305","170281","788.62136435305","171057"
"788.90158590726","170376","788.90158590726","171151"
"789.18179870281","170396","789.18179870281","171236"
"789.46200273307","170469","789.46200273307","171304"
"789.74219799143","170519","789.74219799143","171407"
"790.02238447126","170562","790.02238447126","171552"
"790.30256216595","170672","790.30256216595","171573"
"790.58273106887","170686","790.58273106887","171658"
"790.8628911734","170747","790.8628911734","171811"
"791.14304247292","170840","791.14304247292","171892"
"791.42318496082","170956","791.42318496082","172014"
"791.70331863047","171018","791.70331863047","172147"
"791.98344347526","171095","791.98344347526","172217"
"792.26355948856","171127","792.26355948856","172337"
"792.54366666376","171203","792.54366666376","172417"
"792.82376499424","171263","792.82376499424","172535"
"793.10385447338","171343","793.10385447338","172671"
"793.38393509456","171479","793.38393509456","172729"
"793.66400685116","171571","793.66400685116","172949"
"793.94406973657","171593","793.94406973657","173044"
"794.22412374416","171703","794.22412374416","173235"
"794.50416886732","171818","794.50416886732","173342"
"794.78420509943","171842","794.78420509943","173523"
"795.06423243388","171960","795.06423243388","173653"
"795.34425086404","172081","795.34425086404","173821"
"795.62426038331","172148","795.62426038331","173978"
"795.90426098505","172273","795.90426098505","174142"
"796.18425266267","172351","796.18425266267","174298"
"796.46423540953","172504","796.46423540953","174478"
"796.74420921903","172569","796.74420921903","174697"
"797.02417408454","172721","797.02417408454","174825"
"797.30412999945","172792","797.30412999945","175051"
"797.58407695715","172913","797.58407695715","175193"
"797.86401495102","173025","797.86401495102","175436"
"798.14394397444","173215","798.14394397444","175672"
"798.4238640208","173306","798.4238640208","175846"
"798.70377508349","173415","798.70377508349","176118"
"798.98367715588","173558","798.98367715588","176351"
"799.26357023137","173744","799.26357023137","176597"
"799.54345430334","173867","799.54345430334","176849"
"799.82332936517","173998","799.82332936517","177060"
"800.10319541025","174146","800.10319541025","177335"
"800.38305243197","174315","800.38305243197","177595"
"800.66290042371","174522","800.66290042371","177854"
"800.94273937886","174647","800.94273937886","178130"
"801.22256929081","174756","801.22256929081","178472"
"801.50239015294","174950","801.50239015294","178770"
"801.78220195863","175066","801.78220195863","178998"
"802.06200470128","175261","802.06200470128","179342"
"802.34179837428","175515","802.34179837428","179577"
"802.621582971","175672","802.621582971","179963"
"802.90135848484","175855","802.90135848484","180292"
"803.18112490919","176012","803.18112490919","180644"
"803.46088223743","176222","803.46088223743","181014"
"803.74063046295","176430","803.74063046295","181300"
"804.02036957914","176704","804.02036957914","181717"
"804.30009957939","176784","804.30009957939","182153"
"804.57982045708","177087","804.57982045708","182520"
"804.8595322056","177289","804.8595322056","182989"
"805.13923481835","177551","805.13923481835","183434"
"805.41892828872","177842","805.41892828872","183769"
"805.69861261008","178101","805.69861261008","184306"
"805.97828777584","178368","805.97828777584","184683"
"806.25795377937","178692","806.25795377937","185220"
"806.53761061408","178970","806.53761061408","185670"
"806.81725827335","179303","806.81725827335","186234"
"807.09689675056","179577","807.09689675056","186843"
"807.37652603912","179989","807.37652603912","187333"
"807.65614613241","180274","807.65614613241","187874"
"807.93575702381","180611","807.93575702381","188413"
"808.21535870674","181078","808.21535870674","189116"
"808.49495117456","181419","808.49495117456","189730"
"808.77453442068","181791","808.77453442068","190415"
"809.05410843848","182191","809.05410843848","190990"
"809.33367322137","182605","809.33367322137","191695"
"809.61322876272","183031","809.61322876272","192429"
"809.89277505593","183368","809.89277505593","193111"
"810.17231209439","183794","810.17231209439","193854"
"810.4518398715","184277","810.4518398715","194548"
"810.73135838064","184525","810.73135838064","195283"
"811.01086761522","185028","811.01086761522","196029"
"811.29036756861","185469","811.29036756861","196948"
"811.56985823422","185788","811.56985823422","197651"
"811.84933960544","186178","811.84933960544","198443"
"812.12881167566","186725","812.12881167566","199219"
"812.40827443828","187187","812.40827443828","200114"
"812.68772788668","187686","812.68772788668","200971"
"812.96717201427","188079","812.96717201427","201891"
"813.24660681443","188521","813.24660681443","202810"
"813.52603228056","189126","813.52603228056","203789"
"813.80544840605","189608","813.80544840605","204738"
"814.0848551843","190015","814.0848551843","205708"
"814.36425260871","190660","814.36425260871","206699"
"814.64364067266","191183","814.64364067266","207946"
"814.92301936956","191586","814.92301936956","208810"
"815.20238869279","192279","815.20238869279","209892"
"815.48174863576","192842","815.48174863576","211041"
"815.76109919185","193401","815.76109919185","212169"
"816.04044035447","193993","816.04044035447","213223"
"816.31977211701","194626","816.31977211701","214436"
"816.59909447286","195209","816.59909447286","215663"
"816.87840741543","195745","816.87840741543","216843"
"817.1577109381","196408","817.1577109381","218027"
"817.43700503428","197054","817.43700503428","219307"
"817.71628969736","197713","817.71628969736","220610"
"817.99556492074","198372","817.99556492074","222123"
"818.27483069782","199002","818.27483069782","223150"
"818.55408702198","199640","818.55408702198","224612"
"818.83333388664","200228","818.83333388664","225940"
"819.11257128519","200893","819.11257128519","227355"
"819.39179921102","201684","819.39179921102","228734"
"819.67101765753","202410","819.67101765753","230318"
"819.95022661812","203185","819.95022661812","231800"
"820.22942608619","204060","820.22942608619","233469"
"820.50861605514","204898","820.50861605514","235030"
"820.78779651837","205741","820.78779651837","236645"
"821.06696746927","206690","821.06696746927","238342"
"821.34612890125","207791","821.34612890125","240158"
"821.62528080769","208575","821.62528080769","242012"
"821.90442318201","209644","821.90442318201","243954"
"822.1835560176","210635","822.1835560176","245755"
"822.46267930787","211736","822.46267930787","247782"
"822.7417930462","212906","822.7417930462","249777"
"823.02089722601","213897","823.02089722601","251829"
"823.29999184068","215090","823.29999184068","253893"
"823.57907688363","216230","823.57907688363","256011"
"823.85815234825","217448","823.85815234825","258262"
"824.13721822794","218744","824.13721822794","260487"
"824.4162745161","219914","824.4162745161","262886"
"824.69532120614","221122","824.69532120614","265336"
"824.97435829146","222548","824.97435829146","267752"
"825.25338576545","223755","825.25338576545","270046"
"825.53240362152","225233","825.53240362152","272661"
"825.81141185307","226634","825.81141185307","275288"
"826.0904104535","227969","826.0904104535","278028"
"826.36939941622","229619","826.36939941622","280490"
"826.64837873462","230818","826.64837873462","283360"
"826.92734840211","232383","826.92734840211","285974"
"827.20630841209","233845","827.20630841209","289004"
"827.48525875797","235224","827.48525875797","291912"
"827.76419943314","236948","827.76419943314","294874"
"828.04313043102","238388","828.04313043102","297821"
"828.32205174499","240021","828.32205174499","301196"
"828.60096336847","241909","828.60096336847","304316"
"828.87986529486","243518","828.87986529486","307463"
"829.15875751757","245279","829.15875751757","311108"
"829.43764002999","246928","829.43764002999","314267"
"829.71651282554","248875","829.71651282554","318148"
"829.99537589761","250678","829.99537589761","321313"
"830.27422923962","252478","830.27422923962","325125"
"830.55307284495","254543","830.55307284495","328944"
"830.83190670703","256362","830.83190670703","333022"
"831.11073081925","258426","831.11073081925","336983"
"831.38954517503","260555","831.38954517503","340984"
"831.66834976776","262546","831.66834976776","345300"
"831.94714459085","264411","831.94714459085","349265"
"832.2259296377","266700","832.2259296377","353538"
"832.50470490173","268915","832.50470490173","357991"
"832.78347037634","271384","832.78347037634","362321"
"833.06222605493","273545","833.06222605493","367288"
"833.34097193092","275944","833.34097193092","371757"
"833.6197079977","278241","833.6197079977","376835"
"833.89843424869","280626","833.89843424869","381284"
"834.17715067728","283094","834.17715067728","386139"
"834.4558572769","285471","834.4558572769","391492"
"834.73455404094","287898","834.73455404094","396427"
"835.01324096281","290467","835.01324096281","401625"
"835.29191803593","293116","835.29191803593","406854"
"835.57058525369","295950","835.57058525369","412759"
"835.84924260951","298630","835.84924260951","418192"
"836.1278900968","301782","836.1278900968","424033"
"836.40652770895","304673","836.40652770895","429802"
"836.68515543939","307745","836.68515543939","436090"
"836.96377328152","310825","836.96377328152","442088"
"837.24238122875","314157","837.24238122875","448270"
"837.52097927448","317250","837.52097927448","454632"
"837.79956741213","321066","837.79956741213","461124"
"838.07814563511","324508","838.07814563511","467588"
"838.35671393682","328222","838.35671393682","474639"
"838.63527231068","332246","838.63527231068","481353"
"838.91382075009","335978","838.91382075009","488584"
"839.19235924846","339959","839.19235924846","495593"
"839.47088779922","344017","839.47088779922","502924"
"839.74940639575","348200","839.74940639575","510688"
"840.02791503149","352334","840.02791503149","518318"
"840.30641369983","356625","840.30641369983","526076"
"840.58490239418","360797","840.58490239418","533591"
"840.86338110797","365129","840.86338110797","541582"
"841.1418498346","369473","841.1418498346","549745"
"841.42030856747","373606","841.42030856747","557490"
"841.69875730001","377848","841.69875730001","566168"
"841.97719602563","382217","841.97719602563","574303"
"842.25562473773","386627","842.25562473773","582080"
"842.53404342973","390667","842.53404342973","590447"
"842.81245209504","394956","842.81245209504","598870"
"843.09085072707","398845","843.09085072707","607070"
"843.36923931924","403264","843.36923931924","615413"
"843.64761786496","407143","843.64761786496","623550"
"843.92598635764","411490","843.92598635764","632492"
"844.20434479069","415717","844.20434479069","640867"
"844.48269315753","419812","844.48269315753","649792"
"844.76103145158","424201","844.76103145158","658293"
"845.03935966623","428579","845.03935966623","667253"
"845.31767779492","432575","845.31767779492","676737"
"845.59598583105","436827","845.59598583105","685182"
"845.87428376804","441283","845.87428376804","694724"
"846.15257159929","445781","846.15257159929","703494"
"846.43084931824","450389","846.43084931824","713060"
"846.70911691828","454625","846.70911691828","722395"
"846.98737439284","459205","846.98737439284","731911"
"847.26562173533","463673","847.26562173533","741794"
"847.54385893917","468149","847.54385893917","750894"
"847.82208599776","472901","847.82208599776","761009"
"848.10030290453","477396","848.10030290453","770328"
"848.3785096529","481780","848.3785096529","779586"
"848.65670623627","486104","848.65670623627","790201"
"848.93489264807","490651","848.93489264807","799699"
"849.21306888171","494987","849.21306888171","809612"
"849.4912349306","500072","849.4912349306","819454"
"849.76939078817","504154","849.76939078817","829518"
"850.04753644782","508950","850.04753644782","839814"
"850.32567190299","513478","850.32567190299","849784"
"850.60379714708","518436","850.60379714708","860273"
"850.88191217351","523149","850.88191217351","870578"
"851.1600169757","527481","851.1600169757","881518"
"851.43811154706","532870","851.43811154706","892666"
"851.71619588102","537975","851.71619588102","903255"
"851.99426997099","542825","851.99426997099","914022"
"852.2723338104","548370","852.2723338104","925806"
"852.55038739265","554181","852.55038739265","937094"
"852.82843071117","559451","852.82843071117","948840"
"853.10646375937","565441","853.10646375937","960727"
"853.38448653068","571295","853.38448653068","973010"
"853.66249901851","577056","853.66249901851","986273"
"853.94050121629","583250","853.94050121629","998744"
"854.21849311742","589149","854.21849311742","1010930"
"854.49647471534","594923","854.49647471534","1023300"
"854.77444600346","601187","854.77444600346","1036554"
"855.0524069752","607694","855.0524069752","1048981"
"855.33035762399","613731","855.33035762399","1062444"
"855.60829794323","620194","855.60829794323","1075725"
"855.88622792636","626606","855.88622792636","1089234"
"856.16414756679","633255","856.16414756679","1103055"
"856.44205685794","640178","856.44205685794","1117492"
"856.71995579323","646730","856.71995579323","1131437"
"856.9978443661","653104","856.9978443661","1144892"
"857.27572256994","659400","857.27572256994","1158395"
"857.5535903982","666039","857.5535903982","1173102"
"857.83144784428","672957","857.83144784428","1187519"
"858.10929490162","679896","858.10929490162","1201310"
"858.38713156363","686625","858.38713156363","1215816"
"858.66495782373","693333","858.66495782373","1230807"
"858.94277367535","700186","858.94277367535","1244765"
"859.22057911192","706079","859.22057911192","1258971"
"859.49837412684","713852","859.49837412684","1273951"
"859.77615871355","720277","859.77615871355","1288961"
"860.05393286547","727292","860.05393286547","1303534"
"860.33169657602","734459","860.33169657602","1318727"
"860.60944983862","741131","860.60944983862","1332920"
"860.88719264671","747693","860.88719264671","1347747"
"861.16492499369","754026","861.16492499369","1361461"
"861.442646873","760397","861.442646873","1375446"
"861.72035827806","767090","861.72035827806","1389520"
"861.9980592023","773769","861.9980592023","1404429"
"862.27574963913","780501","862.27574963913","1418274"
"862.55342958199","787412","862.55342958199","1432490"
"862.83109902429","794394","862.83109902429","1447169"
"863.10875795947","801227","863.10875795947","1462067"
"863.38640638095","808735","863.38640638095","1476066"
"863.66404428214","814668","863.66404428214","1489616"
"863.94167165649","822038","863.94167165649","1503771"
"864.21928849741","829072","864.21928849741","1518063"
"864.49689479833","835995","864.49689479833","1532236"
"864.77449055267","842654","864.77449055267","1545385"
"865.05207575387","850332","865.05207575387","1559106"
"865.32965039534","857105","865.32965039534","1573841"
"865.60721447052","863856","865.60721447052","1586406"
"865.88476797283","870930","865.88476797283","1599213"
"866.1623108957","877266","866.1623108957","1612517"
"866.43984323255","884447","866.43984323255","1626184"
"866.71736497681","891177","866.71736497681","1638770"
"866.99487612192","898127","866.99487612192","1651973"
"867.27237666128","904808","867.27237666128","1663754"
"867.54986658835","911212","867.54986658835","1675797"
"867.82734589653","918185","867.82734589653","1688232"
"868.10481457927","924459","868.10481457927","1699793"
"868.38227262998","930850","868.38227262998","1711383"
"868.6597200421","937253","868.6597200421","1722802"
"868.93715680905","944129","868.93715680905","1735004"
"869.21458292427","950661","869.21458292427","1746791"
"869.49199838118","957192","869.49199838118","1758741"
"869.76940317322","963323","869.76940317322","1771487"
"870.0467972938","970440","870.0467972938","1782368"
"870.32418073636","975934","870.32418073636","1792860"
"870.60155349434","983457","870.60155349434","1803740"
"870.87891556115","989727","870.87891556115","1815031"
"871.15626693023","995775","871.15626693023","1827295"
"871.43360759501","1002710","871.43360759501","1837306"
"871.71093754892","1009077","871.71093754892","1847087"
"871.98825678539","1015601","871.98825678539","1859711"
"872.26556529785","1022176","872.26556529785","1868964"
"872.54286307973","1028270","872.54286307973","1879112"
"872.82015012447","1035282","872.82015012447","1889353"
"873.09742642548","1040722","873.09742642548","1899208"
"873.37469197622","1047612","873.37469197622","1909808"
"873.6519467701","1053406","873.6519467701","1919072"
"873.92919080055","1060610","873.92919080055","1929694"
"874.20642406102","1066688","874.20642406102","1938723"
"874.48364654492","1072628","874.48364654492","1948328"
"874.7608582457","1079137","874.7608582457","1957085"
"875.03805915679","1084954","875.03805915679","1966643"
"875.31524927162","1091692","875.31524927162","1975486"
"875.59242858361","1098024","875.59242858361","1985789"
"875.86959708621","1103906","875.86959708621","1993853"
"876.14675477285","1109694","876.14675477285","2001603"
"876.42390163695","1116142","876.42390163695","2010268"
"876.70103767196","1121786","876.70103767196","2017573"
"876.97816287131","1127236","876.97816287131","2025636"
"877.25527722843","1133322","877.25527722843","2032278"
"877.53238073675","1139707","877.53238073675","2039122"
"877.80947338971","1145512","877.80947338971","2047439"
"878.08655518074","1151312","878.08655518074","2054929"
"878.36362610328","1157240","878.36362610328","2061782"
"878.64068615076","1163138","878.64068615076","2069264"
"878.91773531661","1169112","878.91773531661","2076489"
"879.19477359428","1174964","879.19477359428","2083388"
"879.4718009772","1181052","879.4718009772","2091254"
"879.74881745879","1187572","879.74881745879","2097166"
"880.02582303251","1193521","880.02582303251","2102569"
"880.30281769177","1199487","880.30281769177","2109308"
"880.57980143002","1206039","880.57980143002","2115309"
"880.8567742407","1211350","880.8567742407","2122287"
"881.13373611724","1216572","881.13373611724","2126400"
"881.41068705307","1222022","881.41068705307","2130915"
"881.68762704164","1227265","881.68762704164","2134457"
"881.96455607638","1232266","881.96455607638","2137859"
"882.24147415072","1236957","882.24147415072","2142124"
"882.51838125811","1242414","882.51838125811","2145260"
"882.79527739198","1247842","882.79527739198","2149108"
"883.07216254576","1251359","883.07216254576","2151383"
"883.3490367129","1256054","883.3490367129","2153477"
"883.62589988684","1260235","883.62589988684","2154309"
"883.902752061","1264724","883.902752061","2155860"
"884.17959322883","1268767","884.17959322883","2158018"
"884.45642338378","1273748","884.45642338378","2158838"
"884.73324251926","1277878","884.73324251926","2159791"
"885.01005062873","1281717","885.01005062873","2160139"
"885.28684770562","1285519","885.28684770562","2160051"
"885.56363374338","1289016","885.56363374338","2160201"
"885.84040873543","1292164","885.84040873543","2158385"
"886.11717267522","1295415","886.11717267522","2156399"
"886.3939255562","1298146","886.3939255562","2155163"
"886.67066737179","1301433","886.67066737179","2152677"
"886.94739811544","1304092","886.94739811544","2150541"
"887.22411778058","1306594","887.22411778058","2147637"
"887.50082636067","1309305","887.50082636067","2145489"
"887.77752384914","1311516","887.77752384914","2141172"
"888.05421023942","1313267","888.05421023942","2137304"
"888.33088552496","1315610","888.33088552496","2133308"
"888.60754969921","1318198","888.60754969921","2129421"
"888.88420275559","1320041","888.88420275559","2124940"
"889.16084468756","1322987","889.16084468756","2121040"
"889.43747548855","1323516","889.43747548855","2114545"
"889.714095152","1325128","889.714095152","2109033"
"889.99070367137","1326290","889.99070367137","2101992"
"890.26730104008","1327650","890.26730104008","2095923"
"890.54388725158","1328832","890.54388725158","2089057"
"890.82046229931","1329598","890.82046229931","2081692"
"891.09702617672","1330029","891.09702617672","2074568"
"891.37357887725","1330609","891.37357887725","2066164"
"891.65012039433","1331148","891.65012039433","2058312"
"891.92665072142","1331717","891.92665072142","2051302"
"892.20316985196","1331648","892.20316985196","2041230"
"892.47967777938","1331281","892.47967777938","2031921"
"892.75617449714","1331126","892.75617449714","2023282"
"893.03265999867","1330595","893.03265999867","2013020"
"893.30913427742","1331056","893.30913427742","2003695"
"893.58559732684","1330327","893.58559732684","1994418"
"893.86204914036","1329813","893.86204914036","1983811"
"894.13848971144","1328220","894.13848971144","1974007"
"894.41491903351","1328199","894.41491903351","1964056"
"894.69133710002","1326767","894.69133710002","1952807"
"894.96774390442","1325823","894.96774390442","1942363"
"895.24413944015","1325232","895.24413944015","1931862"
"895.52052370065","1323865","895.52052370065","1920173"
"895.79689667937","1322552","895.79689667937","1910130"
"896.07325836976","1321389","896.07325836976","1898260"
"896.34960876527","1319330","896.34960876527","1887442"
"896.62594785933","1318103","896.62594785933","1875782"
"896.90227564539","1316012","896.90227564539","1864844"
"897.1785921169","1315062","897.1785921169","1853389"
"897.45489726731","1312928","897.45489726731","1841232"
"897.73119109006","1311751","897.73119109006","1829679"
"898.00747357859","1310389","898.00747357859","1817600"
"898.28374472637","1307826","898.28374472637","1806493"
"898.56000452683","1306344","898.56000452683","1797007"
"898.83625297341","1304319","898.83625297341","1785831"
"899.11249005958","1302204","899.11249005958","1775812"
"899.38871577876","1300689","899.38871577876","1765203"
"899.66493012443","1298356","899.66493012443","1754264"
"899.94113309","1296438","899.94113309","1742438"
"900.21732466895","1294034","900.21732466895","1731313"
"900.49350485472","1292767","900.49350485472","1720011"
"900.76967364075","1290056","900.76967364075","1709771"
"901.04583102049","1287200","901.04583102049","1698475"
"901.32197698739","1285109","901.32197698739","1687554"
"901.59811153491","1283451","901.59811153491","1677140"
"901.87423465648","1281014","901.87423465648","1665822"
"902.15034634556","1278304","902.15034634556","1656533"
"902.4264465956","1276123","902.4264465956","1644886"
"902.70253540005","1274132","902.70253540005","1635404"
"902.97861275236","1271182","902.97861275236","1624682"
"903.25467864597","1269211","903.25467864597","1615094"
"903.53073307434","1267363","903.53073307434","1605486"
"903.80677603092","1264863","903.80677603092","1596205"
"904.08280750916","1262066","904.08280750916","1585595"
"904.35882750251","1259068","904.35882750251","1576275"
"904.63483600441","1256888","904.63483600441","1566214"
"904.91083300833","1254127","904.91083300833","1557295"
"905.18681850771","1251931","905.18681850771","1547917"
"905.462792496","1249228","905.462792496","1539059"
"905.73875496665","1246326","905.73875496665","1530175"
"906.01470591312","1243755","906.01470591312","1521132"
"906.29064532886","1241008","906.29064532886","1512017"
"906.56657320731","1238598","906.56657320731","1504044"
"906.84248954194","1235560","906.84248954194","1495086"
"907.1183943262","1233038","907.1183943262","1486486"
"907.39428755353","1229911","907.39428755353","1478087"
"907.67016921739","1228235","907.67016921739","1470454"
"907.94603931123","1225159","907.94603931123","1461941"
"908.2218978285","1222576","908.2218978285","1455066"
"908.49774476267","1219187","908.49774476267","1445550"
"908.77358010717","1216396","908.77358010717","1438624"
"909.04940385547","1213764","909.04940385547","1430537"
"909.32521600102","1210787","909.32521600102","1422785"
"909.60101653727","1207272","909.60101653727","1415052"
"909.87680545768","1204371","909.87680545768","1407727"
"910.1525827557","1201875","910.1525827557","1400467"
"910.42834842479","1198993","910.42834842479","1394021"
"910.70410245839","1196213","910.70410245839","1386889"
"910.97984484997","1193936","910.97984484997","1379455"
"911.25557559298","1190875","911.25557559298","1372643"
"911.53129468087","1188780","911.53129468087","1365042"
"911.8070021071","1185444","911.8070021071","1358290"
"912.08269786513","1183784","912.08269786513","1352224"
"912.35838194841","1180785","912.35838194841","1345469"
"912.63405435039","1179193","912.63405435039","1339207"
"912.90971506454","1176092","912.90971506454","1333416"
"913.18536408431","1174411","913.18536408431","1327425"
"913.46100140315","1171684","913.46100140315","1321602"
"913.73662701452","1169778","913.73662701452","1316070"
"914.01224091187","1167125","914.01224091187","1310697"
"914.28784308868","1164916","914.28784308868","1305356"
"914.56343353838","1163258","914.56343353838","1300732"
"914.83901225445","1161101","914.83901225445","1295799"
"915.11457923033","1158894","915.11457923033","1290283"
"915.39013445948","1157246","915.39013445948","1285008"
"915.66567793536","1154271","915.66567793536","1280892"
"915.94120965143","1152169","915.94120965143","1274989"
"916.21672960115","1149628","916.21672960115","1269836"
"916.49223777798","1147570","916.49223777798","1266206"
"916.76773417537","1145646","916.76773417537","1261014"
"917.04321878677","1143167","917.04321878677","1257705"
"917.31869160566","1142036","917.31869160566","1253575"
"917.59415262549","1140186","917.59415262549","1249931"
"917.86960183972","1137665","917.86960183972","1246177"
"918.14503924181","1135153","918.14503924181","1242005"
"918.42046482521","1134115","918.42046482521","1238943"
"918.69587858339","1132830","918.69587858339","1235696"
"918.9712805098","1131987","918.9712805098","1232467"
"919.24667059791","1130906","919.24667059791","1230272"
"919.52204884118","1129914","919.52204884118","1228068"
"919.79741523306","1128172","919.79741523306","1224623"
"920.07276976702","1128191","920.07276976702","1223068"
"920.34811243652","1127853","920.34811243652","1221094"
"920.62344323502","1127277","920.62344323502","1219037"
"920.89876215597","1126606","920.89876215597","1217827"
"921.17406919284","1126453","921.17406919284","1215610"
"921.4493643391","1125716","921.4493643391","1214502"
"921.7246475882","1125647","921.7246475882","1212802"
"921.9999189336","1125537","921.9999189336","1212312"
"922.27517836877","1125836","922.27517836877","1210069"
"922.55042588717","1125106","922.55042588717","1209559"
"922.82566148226","1124583","922.82566148226","1207901"
"923.1008851475","1125103","923.1008851475","1207056"
"923.37609687635","1124655","923.37609687635","1206043"
"923.65129666228","1124193","923.65129666228","1204334"
"923.92648449876","1123537","923.92648449876","1202991"
"924.20166037923","1123590","924.20166037923","1202890"
"924.47682429718","1124750","924.47682429718","1202171"
"924.75197624605","1123636","924.75197624605","1199961"
"925.02711621931","1124226","925.02711621931","1200061"
"925.30224421044","1124233","925.30224421044","1199293"
"925.57736021288","1125224","925.57736021288","1198513"
"925.85246422011","1125889","925.85246422011","1199676"
"926.12755622559","1126423","926.12755622559","1199266"
"926.40263622278","1127216","926.40263622278","1199696"
"926.67770420515","1127716","926.67770420515","1199042"
"926.95276016616","1128990","926.95276016616","1199754"
"927.22780409928","1129541","927.22780409928","1200330"
"927.50283599797","1130140","927.50283599797","1200103"
"927.7778558557","1131266","927.7778558557","1199762"
"928.05286366593","1132070","928.05286366593","1199932"
"928.32785942213","1132381","928.32785942213","1200199"
"928.60284311777","1133105","928.60284311777","1200321"
"928.87781474631","1133421","928.87781474631","1199367"
"929.15277430121","1133566","929.15277430121","1198611"
"929.42772177594","1133641","929.42772177594","1199521"
"929.70265716398","1134071","929.70265716398","1199162"
"929.97758045878","1134306","929.97758045878","1198770"
"930.25249165381","1134625","930.25249165381","1198468"
"930.52739074254","1134557","930.52739074254","1198539"
"930.80227771844","1134183","930.80227771844","1197982"
"931.07715257497","1134195","931.07715257497","1197257"
"931.3520153056","1133372","931.3520153056","1195915"
"931.6268659038","1132956","931.6268659038","1194485"
"931.90170436304","1132221","931.90170436304","1193520"
"932.17653067679","1131483","932.17653067679","1192249"
"932.4513448385","1131228","932.4513448385","1191496"
"932.72614684166","1129652","932.72614684166","1190081"
"933.00093667972","1128064","933.00093667972","1188479"
"933.27571434617","1126232","933.27571434617","1185802"
"933.55047983446","1124506","933.55047983446","1183570"
"933.82523313807","1123027","933.82523313807","1181429"
"934.09997425046","1120417","934.09997425046","1178786"
"934.3747031651","1118098","934.3747031651","1176804"
"934.64941987548","1115500","934.64941987548","1173372"
"934.92412437504","1113002","934.92412437504","1170193"
"935.19881665727","1109628","935.19881665727","1168131"
"935.47349671563","1106438","935.47349671563","1163707"
"935.74816454359","1103519","935.74816454359","1160452"
"936.02282013463","1099293","936.02282013463","1156626"
"936.29746348221","1095189","936.29746348221","1152074"
"936.57209457981","1091133","936.57209457981","1148731"
"936.8467134209","1087479","936.8467134209","1143860"
"937.12131999894","1082947","937.12131999894","1139797"
"937.39591430741","1078132","937.39591430741","1135800"
"937.67049633978","1072844","937.67049633978","1130356"
"937.94506608953","1067898","937.94506608953","1125261"
"938.21962355011","1062639","938.21962355011","1119862"
"938.49416871501","1056813","938.49416871501","1114517"
"938.7687015777","1051131","938.7687015777","1108604"
"939.04322213165","1044865","939.04322213165","1102908"
"939.31773037033","1038402","939.31773037033","1096823"
"939.59222628721","1031226","939.59222628721","1089803"
"939.86670987577","1024431","939.86670987577","1082601"
"940.14118112949","1017067","940.14118112949","1075491"
"940.41564004182","1009626","940.41564004182","1068826"
"940.69008660625","1002665","940.69008660625","1061025"
"940.96452081625","994745","940.96452081625","1054023"
"941.2389426653","986406","941.2389426653","1046008"
"941.51335214686","978702","941.51335214686","1037851"
"941.78774925442","970117","941.78774925442","1030172"
"942.06213398144","962336","942.06213398144","1021990"
"942.3365063214","953063","942.3365063214","1012977"
"942.61086626777","944670","942.61086626777","1004776"
"942.88521381404","935389","942.88521381404","996753"
"943.15954895367","926549","943.15954895367","987371"
"943.43387168013","918640","943.43387168013","978791"
"943.70818198691","908851","943.70818198691","969908"
"943.98247986749","899293","943.98247986749","959454"
"944.25676531532","890290","944.25676531532","950837"
"944.5310383239","881007","944.5310383239","941966"
"944.80529888669","871906","944.80529888669","932742"
"945.07954699718","862302","945.07954699718","923267"
"945.35378264883","853259","945.35378264883","914250"
"945.62800583514","843722","945.62800583514","904924"
"945.90221654956","835350","945.90221654956","896258"
"946.17641478558","826084","946.17641478558","886545"
"946.45060053667","816469","946.45060053667","877076"
"946.72477379632","807288","946.72477379632","868304"
"946.998934558","798129","946.998934558","858828"
"947.27308281519","789436","947.27308281519","849750"
"947.54721856136","780404","947.54721856136","841063"
"947.82134178999","771669","947.82134178999","832229"
"948.09545249456","763277","948.09545249456","823562"
"948.36955066856","754633","948.36955066856","814518"
"948.64363630544","746317","948.64363630544","805610"
"948.91770939871","738252","948.91770939871","797459"
"949.19176994183","730072","949.19176994183","789075"
"949.46581792828","721757","949.46581792828","780613"
"949.73985335154","713256","949.73985335154","772415"
"950.01387620509","706061","950.01387620509","764324"
"950.28788648241","697892","950.28788648241","756338"
"950.56188417699","690508","950.56188417699","748726"
"950.83586928229","683202","950.83586928229","740934"
"951.1098417918","675881","951.1098417918","733832"
"951.383801699","668481","951.383801699","726083"
"951.65774899737","661473","951.65774899737","718053"
"951.93168368038","654670","951.93168368038","711483"
"952.20560574153","647655","952.20560574153","704338"
"952.47951517429","641215","952.47951517429","697100"
"952.75341197214","634228","952.75341197214","690446"
"953.02729612856","627335","953.02729612856","683737"
"953.30116763704","621538","953.30116763704","677358"
"953.57502649105","615041","953.57502649105","670686"
"953.84887268407","609192","953.84887268407","664151"
"954.1227062096","602883","954.1227062096","658076"
"954.39652706111","596564","954.39652706111","651496"
"954.67033523207","591182","954.67033523207","646114"
"954.94413071599","585016","954.94413071599","640138"
"955.21791350633","579912","955.21791350633","634321"
"955.49168359657","574819","955.49168359657","628600"
"955.76544098021","568845","955.76544098021","623199"
"956.03918565073","564431","956.03918565073","617946"
"956.3129176016","558904","956.3129176016","612940"
"956.58663682632","553670","956.58663682632","607525"
"956.86034331836","548526","956.86034331836","602187"
"957.13403707121","543184","957.13403707121","597410"
"957.40771807835","538786","957.40771807835","592580"
"957.68138633326","534307","957.68138633326","587794"
"957.95504182944","529437","957.95504182944","583125"
"958.22868456036","524838","958.22868456036","578435"
"958.50231451951","520534","958.50231451951","574058"
"958.77593170037","515664","958.77593170037","569202"
"959.04953609643","511500","959.04953609643","565288"
"959.32312770117","507172","959.32312770117","561166"
"959.59670650809","503174","959.59670650809","557120"
"959.87027251065","498712","959.87027251065","553193"
"960.14382570236","494627","960.14382570236","549062"
"960.41736607668","490599","960.41736607668","545239"
"960.69089362712","486374","960.69089362712","541566"
"960.96440834716","482691","960.96440834716","537785"
"961.23791023028","478893","961.23791023028","534360"
"961.51139926997","475412","961.51139926997","530710"
"961.78487545971","471448","961.78487545971","527691"
"962.058338793","467937","962.058338793","524252"
"962.33178926332","464699","962.33178926332","521014"
"962.60522686415","460996","962.60522686415","517564"
"962.87865158898","457173","962.87865158898","514445"
"963.15206343131","453984","963.15206343131","511662"
"963.42546238461","450567","963.42546238461","508635"
"963.69884844238","447322","963.69884844238","505911"
"963.9722215981","444234","963.9722215981","503060"
"964.24558184527","441063","964.24558184527","500427"
"964.51892917736","437588","964.51892917736","497866"
"964.79226358787","434474","964.79226358787","495414"
"965.06558507029","431570","965.06558507029","492879"
"965.33889361811","428469","965.33889361811","490251"
"965.61218922481","425754","965.61218922481","487937"
"965.88547188388","423059","965.88547188388","486058"
"966.15874158882","420182","966.15874158882","484010"
"966.43199833311","417409","966.43199833311","481704"
"966.70524211024","414884","966.70524211024","479497"
"966.9784729137","412184","966.9784729137","478028"
"967.25169073699","409540","967.25169073699","476066"
"967.52489557359","406555","967.52489557359","474335"
"967.79808741699","403827","967.79808741699","472664"
"968.07126626068","401734","968.07126626068","470963"
"968.34443209815","399424","968.34443209815","469647"
"968.6175849229","397301","968.6175849229","468418"
"968.89072472841","394624","968.89072472841","466817"
"969.16385150818","392395","969.16385150818","465449"
"969.43696525569","390010","969.43696525569","463842"
"969.71006596445","388056","969.71006596445","462678"
"969.98315362794","385714","969.98315362794","461867"
"970.25622823964","383580","970.25622823964","460186"
"970.52928979306","381439","970.52928979306","459334"
"970.80233828169","379122","970.80233828169","458364"
"971.07537369902","377474","971.07537369902","457674"
"971.34839603854","375224","971.34839603854","456702"
"971.62140529374","372993","971.62140529374","455444"
"971.89440145812","371224","971.89440145812","454784"
"972.16738452516","369331","972.16738452516","453922"
"972.44035448837","367346","972.44035448837","453198"
"972.71331134124","365517","972.71331134124","452776"
"972.98625507726","363875","972.98625507726","452358"
"973.25918568992","361787","973.25918568992","451406"
"973.53210317272","359902","973.53210317272","450759"
"973.80500751915","358250","973.80500751915","450409"
"974.0778987227","356300","974.0778987227","449808"
"974.35077677688","354894","974.35077677688","449421"
"974.62364167517","353153","974.62364167517","449083"
"974.89649341107","351478","974.89649341107","448897"
"975.16933197807","350011","975.16933197807","448404"
"975.44215736967","347985","975.44215736967","448086"
"975.71496957937","346518","975.71496957937","447450"
"975.98776860066","344721","975.98776860066","447181"
"976.26055442703","343102","976.26055442703","446603"
"976.53332705198","341763","976.53332705198","446987"
"976.80608646901","340165","976.80608646901","446863"
"977.07883267162","338657","977.07883267162","446764"
"977.35156565329","337072","977.35156565329","446164"
"977.62428540754","335563","977.62428540754","445966"
"977.89699192784","333977","977.89699192784","445926"
"978.1696852077","332803","978.1696852077","445690"
"978.44236524062","331448","978.44236524062","445292"
"978.71503202009","329515","978.71503202009","444982"
"978.98768553961","327998","978.98768553961","444912"
"979.26032579269","326705","979.26032579269","444557"
"979.5329527728","325251","979.5329527728","444531"
"979.80556647347","324011","979.80556647347","444509"
"980.07816688817","322353","980.07816688817","444153"
"980.35075401041","321284","980.35075401041","444210"
"980.62332783369","320058","980.62332783369","443808"
"980.89588835151","318506","980.89588835151","443467"
"981.16843555737","317207","981.16843555737","443723"
"981.44096944475","315981","981.44096944475","442804"
"981.71349000717","314705","981.71349000717","442845"
"981.98599723813","313416","981.98599723813","442794"
"982.25849113111","312110","982.25849113111","442539"
"982.53097167963","311046","982.53097167963","442294"
"982.80343887718","309701","982.80343887718","441942"
"983.07589271725","308334","983.07589271725","441893"
"983.34833319336","307386","983.34833319336","441726"
"983.620760299","306107","983.620760299","441340"
"983.89317402768","304990","983.89317402768","441216"
"984.16557437288","303841","984.16557437288","440989"
"984.43796132812","302686","984.43796132812","440503"
"984.71033488689","301517","984.71033488689","440179"
"984.98269504269","300453","984.98269504269","440144"
"985.25504178903","299309","985.25504178903","439809"
"985.52737511941","298250","985.52737511941","439759"
"985.79969502733","297289","985.79969502733","439348"
"986.07200150629","296128","986.07200150629","438960"
"986.34429454979","294909","986.34429454979","438962"
"986.61657415134","294006","986.61657415134","438503"
"986.88884030443","293057","986.88884030443","438096"
"987.16109300257","291997","987.16109300257","438049"
"987.43333223927","291188","987.43333223927","437578"
"987.70555800802","290083","987.70555800802","437220"
"987.97777030232","289318","987.97777030232","437066"
"988.24996911569","288239","988.24996911569","436819"
"988.52215444162","287406","988.52215444162","436441"
"988.79432627362","286593","988.79432627362","436360"
"989.06648460519","285399","989.06648460519","435744"
"989.33862942984","284851","989.33862942984","435829"
"989.61076074106","283842","989.61076074106","435546"
"989.88287853237","283147","989.88287853237","435392"
"990.15498279727","282139","990.15498279727","435121"
"990.42707352926","281183","990.42707352926","434625"
"990.69915072184","280470","990.69915072184","434621"
"990.97121436853","279749","990.97121436853","434254"
"991.24326446282","278732","991.24326446282","433973"
"991.51530099822","278076","991.51530099822","433513"
"991.78732396824","277228","991.78732396824","433218"
"992.05933336639","276630","992.05933336639","432975"
"992.33132918616","275534","992.33132918616","432983"
"992.60331142107","275121","992.60331142107","432563"
"992.87528006461","274267","992.87528006461","432176"
"993.14723511031","273604","993.14723511031","432217"
"993.41917655165","272833","993.41917655165","431517"
"993.69110438215","272097","993.69110438215","431470"
"993.96301859532","271453","993.96301859532","431179"
"994.23491918467","270762","994.23491918467","431118"
"994.50680614369","270131","994.50680614369","430988"
"994.7786794659","269655","994.7786794659","430626"
"995.0505391448","268850","995.0505391448","430631"
"995.32238517391","268488","995.32238517391","430186"
"995.59421754673","267854","995.59421754673","429980"
"995.86603625676","267041","995.86603625676","429654"
"996.13784129752","266860","996.13784129752","429506"
"996.40963266251","266102","996.40963266251","429468"
"996.68141034525","265602","996.68141034525","429179"
"996.95317433924","264970","996.95317433924","428672"
"997.22492463799","264329","997.22492463799","428588"
"997.496661235","263975","997.496661235","428483"
"997.76838412379","263144","997.76838412379","427978"
"998.04009329787","263018","998.04009329787","427532"
"998.31178875075","262302","998.31178875075","427174"
"998.58347047593","261995","998.58347047593","426835"
"998.85513846694","261519","998.85513846694","426532"
"999.12679271726","260848","999.12679271726","426377"
"999.39843322042","260461","999.39843322042","426147"
"999.67005996993","260014","999.67005996993","425759"
"999.94167295929","259498","999.94167295929","425297"
"1000.213272182","259133","1000.213272182","425279"
"1000.4848576316","258766","1000.4848576316","424885"
"1000.7564293016","258185","1000.7564293016","424532"
"1001.0279871855","257906","1001.0279871855","424633"
"1001.2995312768","257350","1001.2995312768","424108"
"1001.5710615691","257103","1001.5710615691","423933"
"1001.8425780557","256673","1001.8425780557","423441"
"1002.1140807304","256251","1002.1140807304","422942"
"1002.3855695864","255860","1002.3855695864","422591"
"1002.6570446175","255489","1002.6570446175","422402"
"1002.928505817","255207","1002.928505817","422029"
"1003.1999531786","254843","1003.1999531786","422000"
"1003.4713866956","254398","1003.4713866956","421522"
"1003.7428063616","254173","1003.7428063616","421299"
"1004.0142121702","253820","1004.0142121702","421014"
"1004.2856041149","253474","1004.2856041149","420784"
"1004.5569821891","253216","1004.5569821891","420367"
"1004.8283463863","252954","1004.8283463863","420202"
"1005.0996967002","252503","1005.0996967002","419808"
"1005.3710331242","252207","1005.3710331242","419467"
"1005.6423556517","251817","1005.6423556517","419250"
"1005.9136642765","251593","1005.9136642765","418391"
"1006.1849589918","251405","1006.1849589918","418231"
"1006.4562397913","250930","1006.4562397913","417871"
"1006.7275066685","250483","1006.7275066685","417863"
"1006.9987596169","250564","1006.9987596169","417315"
"1007.26999863","250232","1007.26999863","417184"
"1007.5412237013","250032","1007.5412237013","416592"
"1007.8124348243","249729","1007.8124348243","416382"
"1008.0836319926","249362","1008.0836319926","416104"
"1008.3548151997","249281","1008.3548151997","415811"
"1008.625984439","248804","1008.625984439","415485"
"1008.8971397041","248498","1008.8971397041","415204"
"1009.1682809886","248263","1009.1682809886","415133"
"1009.4394082859","248018","1009.4394082859","414410"
"1009.7105215895","247907","1009.7105215895","414130"
"1009.981620893","247661","1009.981620893","413715"
"1010.2527061898","247246","1010.2527061898","413094"
"1010.5237774736","246989","1010.5237774736","412688"
"1010.7948347378","246766","1010.7948347378","412696"
"1011.0658779759","246514","1011.0658779759","411833"
"1011.3369071815","246180","1011.3369071815","411699"
"1011.6079223481","246039","1011.6079223481","411064"
"1011.8789234691","245619","1011.8789234691","410631"
"1012.1499105381","245450","1012.1499105381","410162"
"1012.4208835487","245110","1012.4208835487","409803"
"1012.6918424943","244800","1012.6918424943","409245"
"1012.9627873684","244620","1012.9627873684","408639"
"1013.2337181647","244264","1013.2337181647","408045"
"1013.5046348765","244033","1013.5046348765","407468"
"1013.7755374975","243617","1013.7755374975","406974"
"1014.0464260211","243315","1014.0464260211","406548"
"1014.3173004408","243197","1014.3173004408","405958"
"1014.5881607502","242782","1014.5881607502","405241"
"1014.8590069428","242663","1014.8590069428","404872"
"1015.1298390122","242194","1015.1298390122","404046"
"1015.4006569517","241731","1015.4006569517","403066"
"1015.6714607551","241477","1015.6714607551","402365"
"1015.9422504157","241209","1015.9422504157","402284"
"1016.2130259271","241030","1016.2130259271","401199"
"1016.4837872828","240678","1016.4837872828","400911"
"1016.7545344764","240361","1016.7545344764","400296"
"1017.0252675013","240058","1017.0252675013","399356"
"1017.2959863511","239760","1017.2959863511","398613"
"1017.5666910193","239362","1017.5666910193","397790"
"1017.8373814995","239158","1017.8373814995","397250"
"1018.108057785","238747","1018.108057785","396134"
"1018.3787198696","238488","1018.3787198696","395354"
"1018.6493677466","238226","1018.6493677466","394619"
"1018.9200014097","237833","1018.9200014097","393759"
"1019.1906208523","237430","1019.1906208523","393351"
"1019.461226068","237090","1019.461226068","392705"
"1019.7318170502","236757","1019.7318170502","391555"
"1020.0023937926","236511","1020.0023937926","390844"
"1020.2729562885","236069","1020.2729562885","390086"
"1020.5435045317","235873","1020.5435045317","389353"
"1020.8140385155","235432","1020.8140385155","388510"
"1021.0845582335","235144","1021.0845582335","387472"
"1021.3550636792","234879","1021.3550636792","386600"
"1021.6255548462","234549","1021.6255548462","385805"
"1021.8960317279","234185","1021.8960317279","384674"
"1022.166494318","233878","1022.166494318","384109"
"1022.4369426098","233499","1022.4369426098","383402"
"1022.7073765971","233022","1022.7073765971","382345"
"1022.9777962732","232748","1022.9777962732","381487"
"1023.2482016316","232541","1023.2482016316","380835"
"1023.518592666","232085","1023.518592666","379843"
"1023.7889693699","231749","1023.7889693699","379168"
"1024.0593317367","231567","1024.0593317367","378130"
"1024.32967976","231178","1024.32967976","377691"
"1024.6000134334","230807","1024.6000134334","376601"
"1024.8703327503","230729","1024.8703327503","375659"
"1025.1406377043","230245","1025.1406377043","375130"
"1025.4109282889","229850","1025.4109282889","374055"
"1025.6812044976","229656","1025.6812044976","373004"
"1025.9514663239","229176","1025.9514663239","372361"
"1026.2217137615","228926","1026.2217137615","371531"
"1026.4919468038","228658","1026.4919468038","370692"
"1026.7621654443","228224","1026.7621654443","369751"
"1027.0323696765","228055","1027.0323696765","369058"
"1027.3025594941","227706","1027.3025594941","368390"
"1027.5727348905","227334","1027.5727348905","367153"
"1027.8428958593","227049","1027.8428958593","366398"
"1028.1130423939","226688","1028.1130423939","365491"
"1028.3831744879","226465","1028.3831744879","364587"
"1028.6532921349","226182","1028.6532921349","363784"
"1028.9233953283","225828","1028.9233953283","363282"
"1029.1934840617","225602","1029.1934840617","361868"
"1029.4635583287","225499","1029.4635583287","361489"
"1029.7336181227","225041","1029.7336181227","360540"
"1030.0036634372","224608","1030.0036634372","359790"
"1030.2736942659","224424","1030.2736942659","358708"
"1030.5437106023","224192","1030.5437106023","358075"
"1030.8137124397","223894","1030.8137124397","357313"
"1031.083699772","223524","1031.083699772","356170"
"1031.3536725924","223430","1031.3536725924","355482"
"1031.6236308946","222976","1031.6236308946","354667"
"1031.893574672","222540","1031.893574672","353657"
"1032.1635039184","222437","1032.1635039184","353037"
"1032.433418627","222074","1032.433418627","352368"
"1032.7033187916","221933","1032.7033187916","351500"
"1032.9732044055","221650","1032.9732044055","350646"
"1033.2430754624","221441","1033.2430754624","349796"
"1033.5129319558","221217","1033.5129319558","349012"
"1033.7827738792","220896","1033.7827738792","348109"
"1034.0526012262","220826","1034.0526012262","347564"
"1034.3224139902","220484","1034.3224139902","346702"
"1034.5922121648","220071","1034.5922121648","346030"
"1034.8619957436","219960","1034.8619957436","345119"
"1035.13176472","219696","1035.13176472","344541"
"1035.4015190876","219387","1035.4015190876","343607"
"1035.67125884","219294","1035.67125884","342876"
"1035.9409839707","219077","1035.9409839707","342184"
"1036.2106944731","218744","1036.2106944731","341636"
"1036.4803903409","218520","1036.4803903409","340762"
"1036.7500715676","218246","1036.7500715676","340130"
"1037.0197381467","218122","1037.0197381467","339464"
"1037.2893900717","217902","1037.2893900717","338855"
"1037.5590273362","217688","1037.5590273362","338162"
"1037.8286499337","217288","1037.8286499337","337310"
"1038.0982578577","217169","1038.0982578577","336286"
"1038.3678511018","216979","1038.3678511018","335823"
"1038.6374296595","216780","1038.6374296595","335195"
"1038.9069935244","216639","1038.9069935244","334454"
"1039.17654269","216380","1039.17654269","333628"
"1039.4460771498","216123","1039.4460771498","333135"
"1039.7155968973","216058","1039.7155968973","332315"
"1039.9851019261","215768","1039.9851019261","331762"
"1040.2545922298","215703","1040.2545922298","330963"
"1040.5240678018","215510","1040.5240678018","330322"
"1040.7935286357","215261","1040.7935286357","329497"
"1041.062974725","215097","1041.062974725","328859"
"1041.3324060633","214866","1041.3324060633","328194"
"1041.6018226442","214715","1041.6018226442","327612"
"1041.871224461","214479","1041.871224461","326721"
"1042.1406115075","214107","1042.1406115075","325858"
"1042.409983777","213977","1042.409983777","325367"
"1042.6793412633","213667","1042.6793412633","324616"
"1042.9486839597","213577","1042.9486839597","323873"
"1043.2180118598","213279","1043.2180118598","322958"
"1043.4873249572","213143","1043.4873249572","322088"
"1043.7566232455","212814","1043.7566232455","321765"
"1044.0259067181","212710","1044.0259067181","320684"
"1044.2948575625","201535","1044.2948575625","284861"
"1044.5703974251","201305","1044.5703974251","283880"
"1044.8459272965","200978","1044.8459272965","283039"
"1045.1214471701","200938","1045.1214471701","281914"
"1045.3969570394","200619","1045.3969570394","281023"
"1045.6724568981","200314","1045.6724568981","280010"
"1045.9479467395","200133","1045.9479467395","279282"
"1046.2234265572","199922","1046.2234265572","278065"
"1046.4988963447","199722","1046.4988963447","277314"
"1046.7743560956","199423","1046.7743560956","276559"
"1047.0498058032","199243","1047.0498058032","275713"
"1047.3252454613","198976","1047.3252454613","274627"
"1047.6006750632","198733","1047.6006750632","273724"
"1047.8760946026","198441","1047.8760946026","272883"
"1048.1515040728","198352","1048.1515040728","272121"
"1048.4269034675","198147","1048.4269034675","270888"
"1048.7022927801","197912","1048.7022927801","270336"
"1048.9776720042","197601","1048.9776720042","269665"
"1049.2530411332","197471","1049.2530411332","268857"
"1049.5284001607","197329","1049.5284001607","268007"
"1049.8037490803","196948","1049.8037490803","267156"
"1050.0790878854","196764","1050.0790878854","266085"
"1050.3544165696","196637","1050.3544165696","265203"
"1050.6297351263","196302","1050.6297351263","264549"
"1050.9050435491","196097","1050.9050435491","263710"
"1051.1803418315","195951","1051.1803418315","262953"
"1051.455629967","195608","1051.455629967","261931"
"1051.7309079492","195332","1051.7309079492","261158"
"1052.0061757715","195163","1052.0061757715","260290"
"1052.2814334275","194827","1052.2814334275","259469"
"1052.5566809107","194636","1052.5566809107","258555"
"1052.8319182147","194409","1052.8319182147","257640"
"1053.1071453328","194086","1053.1071453328","257001"
"1053.3823622588","193907","1053.3823622588","255945"
"1053.657568986","193720","1053.657568986","255080"
"1053.932765508","193377","1053.932765508","254052"
"1054.2079518183","193050","1054.2079518183","253235"
"1054.4831279105","192903","1054.4831279105","252348"
"1054.7582937781","192513","1054.7582937781","251490"
"1055.0334494145","192200","1055.0334494145","250636"
"1055.3085948133","192011","1055.3085948133","249502"
"1055.583729968","191761","1055.583729968","248736"
"1055.8588548722","191449","1055.8588548722","247896"
"1056.1339695194","191188","1056.1339695194","246764"
"1056.409073903","190938","1056.409073903","245829"
"1056.6841680167","190685","1056.6841680167","244932"
"1056.9592518539","190396","1056.9592518539","243907"
"1057.2343254081","190076","1057.2343254081","243110"
"1057.509388673","189783","1057.509388673","242054"
"1057.7844416419","189615","1057.7844416419","241085"
"1058.0594843084","189251","1058.0594843084","240432"
"1058.3345166661","188914","1058.3345166661","239285"
"1058.6095387085","188767","1058.6095387085","238363"
"1058.884550429","188405","1058.884550429","237525"
"1059.1595518213","188171","1059.1595518213","236433"
"1059.4345428788","187910","1059.4345428788","235682"
"1059.7095235951","187567","1059.7095235951","234649"
"1059.9844939637","187264","1059.9844939637","233637"
"1060.259453978","187066","1060.259453978","232771"
"1060.5344036317","186799","1060.5344036317","231830"
"1060.8093429183","186508","1060.8093429183","230972"
"1061.0842718313","186218","1061.0842718313","230045"
"1061.3591903641","185956","1061.3591903641","229279"
"1061.6340985104","185667","1061.6340985104","228076"
"1061.9089962637","185367","1061.9089962637","227374"
"1062.1838836174","185139","1062.1838836174","226328"
"1062.4587605652","184913","1062.4587605652","225636"
"1062.7336271005","184579","1062.7336271005","224685"
"1063.0084832168","184366","1063.0084832168","223767"
"1063.2833289078","184058","1063.2833289078","222807"
"1063.5581641668","183749","1063.5581641668","221950"
"1063.8329889875","183592","1063.8329889875","221156"
"1064.1078033634","183307","1064.1078033634","220198"
"1064.3826072879","183019","1064.3826072879","219274"
"1064.6574007547","182740","1064.6574007547","218405"
"1064.9321837572","182453","1064.9321837572","217527"
"1065.206956289","182281","1065.206956289","216699"
"1065.4817183436","181980","1065.4817183436","215882"
"1065.7564699146","181737","1065.7564699146","215116"
"1066.0312109954","181527","1066.0312109954","214255"
"1066.3059415795","181289","1066.3059415795","213506"
"1066.5806616606","181050","1066.5806616606","212633"
"1066.8553712321","180785","1066.8553712321","211861"
"1067.1300702876","180548","1067.1300702876","210975"
"1067.4047588206","180261","1067.4047588206","210318"
"1067.6794368247","180020","1067.6794368247","209552"
"1067.9541042932","179890","1067.9541042932","208914"
"1068.2287612199","179782","1068.2287612199","208132"
"1068.5034075982","179401","1068.5034075982","207249"
"1068.7780434216","179204","1068.7780434216","206492"
"1069.0526686837","178979","1069.0526686837","205811"
"1069.327283378","178829","1069.327283378","205113"
"1069.601887498","178463","1069.601887498","204316"
"1069.8764810373","178323","1069.8764810373","203696"
"1070.1510639894","178150","1070.1510639894","202985"
"1070.4256363478","177940","1070.4256363478","202315"
"1070.7001981061","177683","1070.7001981061","201609"
"1070.9747492578","177525","1070.9747492578","200965"
"1071.2492897963","177309","1071.2492897963","200344"
"1071.5238197153","177132","1071.5238197153","199675"
"1071.7983390083","176963","1071.7983390083","199096"
"1072.0728476688","176739","1072.0728476688","198350"
"1072.3473456904","176538","1072.3473456904","197824"
"1072.6218330665","176378","1072.6218330665","197125"
"1072.8963097907","176182","1072.8963097907","196606"
"1073.1707758566","176013","1073.1707758566","195994"
"1073.4452312576","175793","1073.4452312576","195431"
"1073.7196759874","175679","1073.7196759874","194891"
"1073.9941100393","175411","1073.9941100393","194278"
"1074.2685334071","175278","1074.2685334071","193885"
"1074.5429460841","175169","1074.5429460841","193332"
"1074.817348064","174983","1074.817348064","192663"
"1075.0917393402","174822","1075.0917393402","192126"
"1075.3661199063","174616","1075.3661199063","191668"
"1075.6404897559","174417","1075.6404897559","191118"
"1075.9148488824","174365","1075.9148488824","190704"
"1076.1891972795","174176","1076.1891972795","190206"
"1076.4635349406","174034","1076.4635349406","189764"
"1076.7378618592","173929","1076.7378618592","189120"
"1077.012178029","173730","1077.012178029","188804"
"1077.2864834434","173589","1077.2864834434","188288"
"1077.5607780959","173487","1077.5607780959","187807"
"1077.8350619802","173303","1077.8350619802","187429"
"1078.1093350897","173182","1078.1093350897","186949"
"1078.383597418","173111","1078.383597418","186560"
"1078.6578489586","172907","1078.6578489586","186105"
"1078.9320897051","172814","1078.9320897051","185747"
"1079.206319651","172658","1079.206319651","185380"
"1079.4805387897","172580","1079.4805387897","184975"
"1079.754747115","172396","1079.754747115","184571"
"1080.0289446202","172347","1080.0289446202","184282"
"1080.303131299","172199","1080.303131299","183802"
"1080.5773071448","172089","1080.5773071448","183512"
"1080.8514721512","172014","1080.8514721512","183208"
"1081.1256263118","171950","1081.1256263118","182749"
"1081.3997696201","171825","1081.3997696201","182476"
"1081.6739020696","171715","1081.6739020696","182025"
"1081.9480236538","171565","1081.9480236538","181914"
"1082.2221343663","171453","1082.2221343663","181545"
"1082.4962342007","171423","1082.4962342007","181196"
"1082.7703231504","171278","1082.7703231504","180891"
"1083.044401209","171223","1083.044401209","180630"
"1083.3184683701","171113","1083.3184683701","180348"
"1083.5925246272","171024","1083.5925246272","180066"
"1083.8665699738","170892","1083.8665699738","179740"
"1084.1406044034","170839","1084.1406044034","179469"
"1084.4146279097","170741","1084.4146279097","179281"
"1084.6886404861","170735","1084.6886404861","178958"
"1084.9626421262","170666","1084.9626421262","178732"
"1085.2366328234","170530","1085.2366328234","178526"
"1085.5106125715","170411","1085.5106125715","178265"
"1085.7845813638","170332","1085.7845813638","177945"
"1086.058539194","170290","1086.058539194","177806"
"1086.3324860556","170250","1086.3324860556","177506"
"1086.6064219421","170148","1086.6064219421","177330"
"1086.880346847","170119","1086.880346847","177072"
"1087.154260764","170040","1087.154260764","176869"
"1087.4281636864","169950","1087.4281636864","176646"
"1087.702055608","169887","1087.702055608","176444"
"1087.9759365222","169800","1087.9759365222","176272"
"1088.2498064226","169762","1088.2498064226","176051"
"1088.5236653026","169711","1088.5236653026","175852"
"1088.797513156","169607","1088.797513156","175694"
"1089.0713499761","169563","1089.0713499761","175451"
"1089.3451757565","169498","1089.3451757565","175271"
"1089.6189904908","169435","1089.6189904908","175082"
"1089.8927941726","169375","1089.8927941726","174897"
"1090.1665867953","169313","1090.1665867953","174780"
"1090.4403683525","169264","1090.4403683525","174619"
"1090.7141388377","169243","1090.7141388377","174433"
"1090.9878982446","169189","1090.9878982446","174310"
"1091.2616465665","169109","1091.2616465665","174098"
"1091.5353837972","169067","1091.5353837972","173991"
"1091.8091099301","169027","1091.8091099301","173862"
"1092.0828249587","168952","1092.0828249587","173655"
"1092.3565288766","168918","1092.3565288766","173558"
"1092.6302216774","168876","1092.6302216774","173418"
"1092.9039033546","168791","1092.9039033546","173251"
"1093.1775739018","168788","1093.1775739018","173151"
"1093.4512333124","168732","1093.4512333124","172932"
"1093.72488158","168693","1093.72488158","172847"
"1093.9985186983","168635","1093.9985186983","172743"
"1094.2721446606","168592","1094.2721446606","172607"
"1094.5457594607","168563","1094.5457594607","172490"
"1094.8193630919","168501","1094.8193630919","172341"
"1095.0929555479","168543","1095.0929555479","172277"
"1095.3665368222","168439","1095.3665368222","172136"
"1095.6401069083","168419","1095.6401069083","172067"
"1095.9136657998","168389","1095.9136657998","171985"
"1096.1872134903","168366","1096.1872134903","171903"
"1096.4607499733","168297","1096.4607499733","171798"
"1096.7342752423","168291","1096.7342752423","171636"
"1097.0077892909","168296","1097.0077892909","171580"
"1097.2812921126","168266","1097.2812921126","171475"
"1097.554783701","168244","1097.554783701","171432"
"1097.8282640496","168218","1097.8282640496","171272"
"1098.101733152","168186","1098.101733152","171230"
"1098.3751910017","168185","1098.3751910017","171170"
"1098.6486375923","168178","1098.6486375923","171085"
"1098.9220729173","168168","1098.9220729173","171007"
"1099.1954969703","168182","1099.1954969703","170928"
"1099.4689097447","168113","1099.4689097447","170853"
"1099.7423112343","168081","1099.7423112343","170766"
